path,total_hits,total_5xx,avg_rt_ms
/api/v1/products,40543,5197,479.15832266290835
/health,40399,5273,491.4693395104908
/api/v1/profile,40371,5182,486.0769198612255
/api/v1/orders,39875,5213,490.4565242004798
/api/v1/login,39768,5159,485.92857932158216
